CountyName,num_vehicles,miles_traveled_year,num_short_flights,num_med_flights,num_long_flights,electricity_billPerYear,housing_squarefeet,moneySpentOnClothesPerYear,result_grand_total,Population,PersonsPerHousehold,AverageHouseValue,IncomePerHousehold,popden,electricity (kWh),Nat. Gas (cu.ft.),FUELOIL (gallons),Vehicle miles traveled,HouseholdsPerZipCode
ALAMEDA,242.0,1613500.0,483.0,126.0,89.0,97190.0,211948.5,40510.762335999985,5277.395845000001,1333498,111.87000000000003,13884600,2590891,258994.04689553316,275913.45534846606,1768720.2376632725,22.368749931115442,983886,505952
ALPINE,15.0,86300.0,27.0,8.0,3.0,5440.0,14048.0,2366.563071,295.87779600000005,1071,6.220000000000001,1177601,84191,5.789274826084393,11596.212855918733,52190.62655398696,28.795106077384293,34414,1002
AMADOR,87.0,700100.0,162.0,39.0,27.0,37630.0,71966.0,14149.849254999997,2018.8489799999998,35248,24.21,1578400,442394,2747.175495780954,68394.86762893898,295569.62131584896,14.518174257398808,284242,15061
ANDERSON,18.0,170100.0,23.0,15.0,3.0,12330.0,20055.0,2377.138345,426.2971540000001,56985,12.879999999999999,302700,164792,217.1325336196382,56492.45656556725,126957.25176154004,4.450502469109849,128037,19401
ANDREWS,11.0,60700.0,3.0,1.0,6.0,5610.0,7993.0,1319.9171259999998,221.87451099999998,12985,2.81,42500,34086,12.306216072077408,11292.01484358315,33207.7648590088,0.0,26524,5391
ANGELINA,32.0,230200.0,51.0,15.0,8.0,19900.0,29115.5,4191.148166,701.9975489999999,80386,16.25,341200,197710,660.3278957188597,70234.14022392598,161011.26890080157,4.130838180196726,150814,32523
ARANSAS,4.0,24700.0,9.0,0.0,0.0,2830.0,3273.0,479.007655,81.763824,18226,2.42,82400,31472,231.53026272409392,12255.63156706709,24553.326069595558,0.36003550917375554,19811,10624
ARCHER,28.0,250500.0,66.0,12.0,3.0,20510.0,25325.5,3487.4112420000006,677.3803359999999,6774,13.18,237200,169852,51.16389145430233,64537.949309825,158903.13813715577,10.406144914977693,150804,2984
ARMSTRONG,2.0,17400.0,4.0,0.0,0.0,1350.0,1502.0,278.299675,45.846728999999996,1917,2.58,60000,38009,4.0457161023339765,12617.314612887043,43953.63316650385,3.206999124818389,35474,808
ATASCOSA,34.0,225600.0,42.0,15.0,5.0,20580.0,28802.5,4011.7077890000005,702.072052,35186,23.650000000000002,338500,237726,381.91436248928665,95832.62588652321,200114.39408488252,3.5470245955878577,204323,13652
AUSTIN,32.0,272300.0,72.0,10.0,8.0,22340.0,29024.0,4063.295708,757.3905169999999,25254,18.3,601000,276292,490.92022079948447,88622.56360075534,180603.80605814556,30.622185239202338,201740,10931
BAILEY,10.0,95300.0,12.0,6.0,0.0,6540.0,9562.0,1084.061887,231.34299200000004,6783,8.35,107900,98406,14.335617650292818,31224.97892504381,89522.57339045402,2.960766583720073,85608,2826
BANDERA,4.0,28500.0,16.0,1.0,1.0,2200.0,3682.0,484.756074,88.425996,9237,4.9399999999999995,184200,79858,78.24266903408898,22288.166748861502,45786.66413112522,1.0646861712396298,54907,4884
BASTROP,44.0,441300.0,144.0,23.0,11.0,28660.0,41740.5,6728.963337,1164.2360990000002,58472,21.429999999999996,724000,345375,395.6616366931407,99105.94932818209,196875.82378101573,81.45875409476474,256103,22764
BAYLOR,4.0,24900.0,6.0,2.0,0.0,2560.0,3413.0,471.08365299999997,82.35320999999999,4203,2.26,33800,24471,4.580837554780041,11424.993377773713,37507.46883534111,0.6043044791420683,21076,2888
BEE,30.0,168700.0,38.0,8.0,0.0,18170.0,26935.5,3202.7163420000006,546.6198629999999,31949,19.159999999999997,296300,167148,178.6038226239139,85270.59362617924,175022.13339712232,5.663080929698871,154667,10743
BELL,64.0,459300.0,128.0,17.0,9.0,39600.0,53218.0,8125.690531,1399.887652,162605,33.92999999999999,925400,470079,8605.936202254088,141930.17469869636,325562.1222596646,9.557686795607594,318695,57809
BEXAR,371.0,2800200.0,709.0,212.0,105.0,253450.0,353167.5,59039.936057,8898.732785000002,1330711,187.2800000000001,5786300,2830135,142074.27693839572,807200.9608440615,1948737.1912955123,32.53220171942289,1637774,497520
BLANCO,25.0,224100.0,56.0,7.0,9.0,16180.0,22604.0,3259.937859,598.252227,7929,9.74,453300,159330,41.41887129790867,47198.2139680321,91464.37050373177,2.6889371880496715,121485,3789
BORDEN,1.0,23600.0,3.0,4.0,0.0,820.0,1854.0,252.81624700000003,39.225065,238,2.7,46000,35208,1.3948614534813852,9873.874578841931,24053.111226404562,0.0,28174,111
BOSQUE,27.0,213300.0,41.0,6.0,7.0,17290.0,24415.0,3376.1199650000003,622.652097,13775,15.23,292200,191350,84.33525052963768,72509.94450028273,167027.60889471194,3.6910317381683115,168349,6788
BOWIE,30.0,307900.0,63.0,12.0,2.0,22470.0,32907.0,3601.423858,713.919938,89035,22.590000000000003,553400,287151,1854.2889500792428,104150.97092055481,279540.74062509707,10.238200801186474,226302,36353
BRAZORIA,55.0,443400.0,134.0,30.0,11.0,37900.0,47989.5,7636.974107,1329.0510000000002,246701,39.07,1151600,669414,4833.9461017353115,189583.73463966866,382760.0939980608,20.13211760126171,406675,92289
BRAZOS,52.0,380900.0,88.0,31.0,15.0,32230.0,48398.0,6787.466297999999,1160.325487,152692,21.13,711200,269543,11601.85484097337,94366.38860791682,206382.674590195,3.5758072874062306,197046,59232
BREWSTER,15.0,91100.0,28.0,5.0,1.0,7470.0,13277.5,1680.13518,286.43413100000004,8773,11.459999999999999,323200,167306,11.440863524506936,47242.58709270475,123319.83268043106,0.0,116613,4520
BROWN,36.0,368700.0,77.0,28.0,7.0,24360.0,38348.5,5156.860078,907.079755,37714,17.65,298100,242770,207.60545237607113,80651.97773167578,189136.95098086554,3.436266347968297,191100,17900
BURLESON,28.0,183300.0,69.0,7.0,6.0,16890.0,23989.5,3337.526226,588.286925,16106,7.6,180400,99695,102.58769291383777,36546.654374173566,76253.4589879563,9.130227368927677,74261,8012
BURNET,12.0,141900.0,27.0,11.0,3.0,8010.0,12422.0,1970.4010520000002,312.83682,32696,10.26,337900,159887,122.01298168978349,48010.002557819236,100443.21983229778,0.9891263095829496,128784,15946
BUTTE,123.0,998900.0,213.0,52.0,10.0,54640.0,107009.0,16113.001961000002,2604.0685759999997,202888,44.84999999999999,2079400,655472,10312.749189649496,120787.35249130237,689960.1372850818,36.92519803706369,472138,85714
CALAVERAS,175.0,1113000.0,305.0,52.0,40.0,71800.0,136184.0,23597.085432000003,3541.542685,40500,45.150000000000006,2824300,632518,4685.232602341474,128358.48548527154,523535.20370115066,140.9207720797702,445448,22884
CALDWELL,39.0,334700.0,116.0,11.0,6.0,24850.0,34780.5,5602.662802,921.541101,32234,20.52,484200,254997,520.6392236714038,83061.89258508134,176548.24906145644,19.336942535053694,200366,11852
CALLAHAN,18.0,120200.0,20.0,9.0,3.0,10800.0,17026.0,1859.4017110000002,369.846079,12214,9.55,177200,98965,52.921089841816084,45018.438341619214,121654.7578859278,3.292551048621453,93699,5633
CAMERON,62.0,352200.0,100.0,14.0,5.0,42980.0,56569.0,8784.454577,1257.369511,284097,43.230000000000004,842900,357811,6134.549009520936,171639.57265986342,309910.3669730606,14.440019553185758,268751,100310
CAMP,5.0,32100.0,12.0,3.0,0.0,2900.0,3967.0,637.2307860000001,109.592401,12550,5.15,105900,63586,85.41168263975493,22817.85101357079,55495.68257227508,0.0,50447,5669
CARSON,23.0,246700.0,49.0,12.0,7.0,17330.0,21965.5,3225.9864169999996,628.533413,6205,10.260000000000002,192700,148887,22.16874845603906,52362.31730697111,189175.81725505547,0.0,126832,2695
CASS,47.0,388800.0,87.0,20.0,4.0,28560.0,47093.0,4895.58035,969.4867889999999,31234,27.1,552500,287035,373.83233296476914,124911.22320173809,313523.2798811867,0.0,269667,14598
CASTRO,13.0,177200.0,20.0,8.0,1.0,11220.0,15380.5,2073.151813,374.747983,7830,8.92,152400,101815,27.01609638408828,37604.33525338061,144156.5680388548,6.467683015612507,91227,3035
CHAMBERS,14.0,129900.0,37.0,10.0,3.0,10500.0,14644.0,2111.668142,362.602532,13063,8.219999999999999,152700,112162,127.70260110779746,38066.19116171308,76633.45975680469,3.164925337461991,77330,5485
CHEROKEE,32.0,222800.0,58.0,18.0,2.0,21890.0,31956.5,3907.1566940000002,708.5834019999999,41864,17.919999999999998,334600,188989,324.4145856474341,85056.46923332322,208521.80007175045,0.3468185405289396,163099,17132
CHILDRESS,10.0,47200.0,12.0,6.0,0.0,5280.0,7462.0,1025.155022,183.38872,7682,2.38,44600,27483,8.591030800567651,11646.577031913512,41042.8345049901,0.0,22215,3089
CLAY,17.0,151900.0,45.0,9.0,1.0,12600.0,15159.0,2026.9571809999998,416.9938920000001,6686,7.5,122400,102199,41.17051406279876,39787.831452031955,112940.85444031298,4.982604177391666,92135,3162
COCHRAN,7.0,51800.0,17.0,1.0,1.0,4670.0,6790.0,777.133093,149.676108,3351,5.6,48200,57754,66.65102445715299,24548.856579167914,84219.94306316318,0.0,48768,1419
COKE,7.0,58400.0,14.0,3.0,0.0,4440.0,6525.0,716.0283069999999,147.111413,1572,2.42,43800,28208,6.235119527300833,11922.113029223732,30721.820351759896,0.0,26361,709
COLEMAN,49.0,382700.0,112.0,28.0,4.0,32320.0,49992.0,5698.830054,1084.248699,9145,22.47,378999,247739,43.76548993678662,110350.43949871245,297954.9384424572,11.852688986437448,229670,5142
COLLIN,110.0,1068800.0,255.0,67.0,45.0,87830.0,108752.0,19053.710232,3003.51703,484986,73.98,3496400,1687199,39765.88631178601,374936.50907475594,884965.5369749372,4.364389202601797,840356,195840
COLLINGSWORTH,11.0,54800.0,13.0,9.0,0.0,6220.0,8460.0,1191.3125200000002,215.57735000000002,2997,4.76,47400,46857,9.157723110147279,24860.58966600819,87016.4247193148,0.0,49208,1561
COLORADO,37.0,257600.0,66.0,19.0,8.0,23400.0,35619.5,4815.061799,811.8992000000001,13252,18.4,349300,212823,653.2716464790661,81735.51302084842,178676.73696950285,55.311245619026714,170884,6201
COLUSA,45.0,335700.0,78.0,16.0,5.0,20860.0,37059.0,6551.250822,955.229246,19813,20.580000000000002,734500,240884,190.71905474554916,50287.204293399955,271711.6122989961,53.9499755179427,181030,7153
COMAL,21.0,211200.0,46.0,17.0,4.0,15680.0,21370.5,3197.8602779999997,547.182146,79057,16.21,833800,333864,800.2241703284732,80568.23783667601,154251.15652251564,2.6082051840351776,199114,33123
COMANCHE,43.0,293800.0,67.0,18.0,7.0,26490.0,39172.0,5866.617499000001,928.3303269999999,12946,16.0,301500,189557,82.26604959863306,68986.61869501483,170395.17894305714,0.0,154029,6435
CONCHO,28.0,193900.0,78.0,8.0,5.0,17640.0,24420.0,3596.158175,621.97496,3885,9.99,198400,120282,18.789975820268374,46767.194972902544,110964.15537290258,21.71500345862074,97498,1426
CONTRA COSTA,179.0,1521200.0,411.0,96.0,58.0,87800.0,152823.0,34817.472091,4433.638274,822251,80.7,9562600,2179269,66918.97128549205,232866.71106525158,1357978.9296965322,66.69014079781111,861330,302080
COOKE,5.0,60400.0,6.0,4.0,1.0,3810.0,4754.0,900.715708,133.83979,4244,5.63,124500,90745,184.049653057327,26539.41899377764,65800.21368476289,0.7659103014688633,67938,1708
CORYELL,25.0,173200.0,41.0,10.0,3.0,14260.0,19663.0,2476.90928,515.345496,27038,12.6,234700,168699,88.18723730579318,60101.02851110569,139939.21966648268,2.7447067422963594,141181,7570
COTTLE,4.0,25200.0,10.0,2.0,1.0,2360.0,3807.5,565.336661,87.322451,1860,4.779999999999999,76300,60813,4.010311217698783,22240.644140692304,64377.81524720798,0.0,46534,1053
CRANE,6.0,27700.0,10.0,0.0,2.0,3280.0,4250.0,744.1055269999999,116.20663400000001,3812,2.92,38400,31375,65.27170038755328,12585.583130628565,37043.02043295872,0.0,24342,1511
CROSBY,10.0,70000.0,14.0,3.0,0.0,6620.0,8406.5,1042.1538600000001,207.861909,6982,8.43,107100,78691,31.582395898379275,37376.21757271169,126410.43122900045,0.0,73954,2841
CULBERSON,2.0,9900.0,1.0,1.0,0.0,1050.0,1689.0,140.847372,30.796187,2847,2.87,32200,24974,1.3777929672798168,13459.059146151816,36916.787870039494,0.0,24385,1217
DALLAM,15.0,142000.0,27.0,7.0,4.0,10640.0,15113.0,2013.8027730000001,373.440148,10682,8.2,362300,102959,8.668880196403464,35472.79307981649,127749.47199946883,0.8962405254645166,84427,4009
DALLAS,292.0,2167100.0,628.0,184.0,93.0,186660.0,277788.5,44927.10217100001,7007.590075999999,1922517,185.54000000000002,9441700,3357944,237740.59945828418,793183.4288720476,2159031.8262658142,18.141621583795793,1637313,745729
DAWSON,5.0,36000.0,5.0,2.0,0.0,3240.0,4698.5,448.87822600000004,99.947822,14272,2.69,39400,27919,20.118500136663283,11235.128031800401,40369.24149446451,0.0,22711,5191
DE WITT,3.0,21300.0,7.0,0.0,0.0,2110.0,2922.0,351.548493,58.525097,625,2.42,34100,35278,9.228942797432547,13845.480679630225,30684.77079591455,0.0,26597,345
DEAF SMITH,8.0,84100.0,17.0,1.0,0.0,6080.0,8870.0,966.393789,196.861882,18503,5.859999999999999,148700,56570,28.83098212146818,21623.525892169095,89262.07375816444,0.5620955493459286,52028,6841
DEL NORTE,25.0,203400.0,53.0,10.0,1.0,8960.0,24791.0,3334.7178860000004,506.85778300000004,27507,10.090000000000002,515200,112485,99.71161605144918,20359.9828969426,114445.01429730261,264.69325367643046,90918,10434
DELTA,15.0,116000.0,38.0,6.0,2.0,9760.0,13963.0,1827.494358,342.082411,5327,14.909999999999998,248600,198665,96.61883415500732,70630.70438665063,176804.32684162824,0.0,158237,2410
DENTON,80.0,790700.0,161.0,67.0,30.0,61230.0,80966.0,13955.945441,2220.461073,387185,55.52999999999999,2743500,1249442,23906.70168650737,270615.49713965005,647308.8477274813,14.086765022594435,635838,147802
DICKENS,10.0,66100.0,12.0,6.0,1.0,4910.0,9436.5,1152.19129,197.526585,730,6.8999999999999995,100800,77157,4.824131126327251,29285.63267086718,78204.05685643881,0.0,76634,435
DIMMIT,19.0,130200.0,28.0,6.0,0.0,13500.0,17902.0,2028.975866,382.807491,9972,11.96,82999,99952,90.02049896066407,50075.28624729626,97864.70796544281,0.0,85231,3965
DONLEY,8.0,58000.0,13.0,3.0,1.0,5470.0,8236.0,1070.512936,176.574104,3886,7.42,100600,90985,21.698949394299476,35424.05581451692,128206.54051667853,0.0,71938,2405
DUVAL,5.0,42300.0,6.0,0.0,0.0,4340.0,4692.0,604.3974179999999,114.54131,10774,5.42,61400,41502,10.66320099871326,25138.1526394624,50627.32114550882,0.0,43765,4360
EASTLAND,48.0,352500.0,101.0,15.0,11.0,30760.0,46946.0,5770.846834000001,1063.699291,18930,19.31,284200,218135,172.9294590177059,93743.46164212175,255566.98777087324,1.5607738626965744,196017,10009
ECTOR,18.0,169600.0,55.0,11.0,1.0,10980.0,14756.0,2345.510806,450.570803,38148,12.940000000000001,244299,227351,1795.9122703272621,62989.410968497934,160685.08019954743,0.6649902324101491,202387,17012
EDWARDS,3.0,29600.0,3.0,2.0,0.0,1970.0,3108.0,302.592617,65.570761,389,2.2,48100,35625,0.8601394122804045,10750.482738682836,24302.7937262395,0.0,27446,288
EL DORADO,141.0,1187100.0,243.0,79.0,51.0,60250.0,123262.5,22547.535193000003,3283.749183,148300,47.76,3571800,950612,2884.4278224684144,126053.86470709668,597167.6411774083,152.61189819297584,544409,68102
EL PASO,86.0,624500.0,138.0,22.0,6.0,62200.0,78681.5,11972.095221,1938.2150959999997,668697,82.65999999999998,1633200,769737,58732.14299723397,310653.53752934036,965429.1329320591,12.245270950755888,577652,221653
ELLIS,47.0,493700.0,111.0,18.0,15.0,36240.0,44829.5,7212.908563,1264.2735519999999,114994,32.97,865200,537989,1802.515783546168,152588.71883292298,334301.8462180161,14.310560694644888,381292,40372
ERATH,23.0,204400.0,49.0,9.0,8.0,14000.0,22624.5,3209.9178410000004,557.7755299999999,32046,7.55,166700,98664,79.99954791576134,32386.257107872945,80217.5410929931,0.36525257416410967,83255,14085
FALLS,9.0,68400.0,16.0,3.0,1.0,6190.0,8500.5,817.4614710000001,191.810114,14455,7.610000000000001,115600,80379,89.26137171260017,37549.71986208623,96045.410517219,1.2176175270499832,72673,5835
FANNIN,54.0,440100.0,88.0,25.0,14.0,34320.0,50033.0,7061.922624999998,1258.472646,25005,25.34,495600,357723,416.66973664926127,115534.22515504045,282840.75009256206,6.360495714066767,288732,10087
FAYETTE,62.0,390700.0,171.0,24.0,17.0,36250.0,56588.0,7227.691594,1322.0061699999999,23218,26.69,814500,345013,237.05143405587677,132238.46206937052,271044.14145254216,4.932164076283363,277710,11940
FISHER,14.0,183300.0,31.0,10.0,0.0,12710.0,18392.0,2016.919317,384.65772,3799,9.34,98100,110694,20.437578269838646,47729.62644863779,135497.89441905002,2.2982862772172656,102328,2008
FLOYD,8.0,69500.0,19.0,1.0,0.0,6110.0,8236.0,1188.2110160000002,191.522297,7712,8.8,112600,84433,227.97342943778585,43129.272203080356,140524.62721537164,0.0,92297,3190
FOARD,2.0,13100.0,1.0,4.0,0.0,1200.0,2217.0,272.188977,44.878454,1707,2.37,26000,25563,2.167142089228418,12813.96680914067,39874.65259655507,0.0,25413,921
FORT BEND,48.0,440300.0,108.0,21.0,11.0,40290.0,41900.5,7857.237716,1278.4264560000001,243411,33.66,1159100,625237,11857.945266269508,161986.60483462494,350160.45303899277,14.081202673867267,334204,79676
FRANKLIN,22.0,146700.0,32.0,10.0,7.0,13410.0,20662.5,2794.10027,477.463984,8690,7.4,231300,92138,102.34390037258578,34251.07903190405,80851.24669411023,10.996325823275116,71094,4611
FREESTONE,19.0,177100.0,28.0,15.0,1.0,13410.0,20351.0,2487.241796,430.25776900000005,16534,14.44,411500,193895,160.80964075226237,71484.861808658,166088.70255561438,38.7430251537535,153784,7436
FRESNO,372.0,2134700.0,578.0,117.0,47.0,161200.0,298629.0,56407.165884999995,7148.5958709999995,803483,169.33999999999997,5527100,1759201,81691.5827562044,368699.99437863653,1933991.1941403192,141.89591839711454,1144472,272225
FRIO,11.0,74400.0,23.0,2.0,1.0,6170.0,8809.0,1265.855208,217.792661,6643,8.18,87900,94236,29.102699535270908,35899.76823489561,73252.72873640046,0.0,83830,2239
GAINES,13.0,94300.0,20.0,1.0,2.0,7920.0,10524.0,1610.107838,278.749413,14007,9.2,125300,91603,25.654072005279176,35720.37683969618,104460.04130548351,1.0615756903732585,79977,5255
GALVESTON,57.0,370100.0,128.0,32.0,19.0,38240.0,51991.0,8166.096266,1333.544409,224405,37.63,1251200,651841,16984.403347813743,187562.09119951,400343.32884468575,27.097854517430505,351840,100988
GARZA,10.0,130000.0,19.0,2.0,3.0,6870.0,8406.5,1244.4740219999999,277.34481800000003,4956,5.140000000000001,388700,102297,6.699061269534647,25644.25534204548,70496.0223099635,0.0,87250,2002
GILLESPIE,32.0,281400.0,71.0,19.0,9.0,21250.0,31623.0,4322.093714000001,782.23592,20969,12.25,402200,187741,50.517755326990056,56009.814638275406,124179.17506009064,16.253823835906978,133936,10118
GLASSCOCK,4.0,43700.0,5.0,2.0,3.0,2700.0,4354.0,817.590676,116.015141,1020,3.02,52000,36250,1.9469009451213461,11534.539148905214,24659.09503360933,3.4135096069734523,28724,471
GLENN,42.0,351700.0,65.0,15.0,3.0,19190.0,38280.5,5697.235181,870.116711,26951,20.47,661400,215757,380.22953137766723,47585.6602477344,250259.4705396782,31.46576524400048,179673,10155
GOLIAD,5.0,32500.0,12.0,4.0,0.0,3480.0,5691.0,673.5749480000001,110.583844,375,2.98,105700,29167,3.9658045279060286,11757.66750030616,23912.097682665335,0.0,18318,195
GONZALES,33.0,277400.0,59.0,19.0,3.0,22180.0,33789.0,4353.917512,755.649279,17770,18.45,380400,200719,108.06380645454611,80195.99309170959,169363.08312759592,6.771078882825388,175823,7776
GRAY,12.0,138100.0,28.0,6.0,4.0,8720.0,14160.5,1740.3563029999998,332.143036,22774,9.629999999999999,129600,128125,67.33661617418454,47348.43818778233,197745.68822844885,0.2867192951389003,107830,10588
GRAYSON,46.0,434800.0,85.0,14.0,12.0,33290.0,45285.5,6654.8018409999995,1128.547562,104404,34.400000000000006,1021500,520981,1516.0061107716776,161825.9085126468,406297.55832254793,1.7558475203618389,392415,45076
GREGG,30.0,221200.0,71.0,10.0,4.0,20340.0,26738.5,4030.242875,686.6418610000001,133007,23.1,634200,318931,3740.597602928671,106626.27994064678,280429.281148941,4.0812694722079,219250,55112
GRIMES,44.0,310600.0,59.0,20.0,8.0,27250.0,37176.0,5301.042508,935.438639,25259,18.29,392900,239285,151.98899933731963,85253.6889104454,171001.11088837282,19.534747009271186,187069,10320
GUADALUPE,26.0,207500.0,47.0,19.0,10.0,15460.0,22889.0,3448.0027900000005,624.81186,35316,15.689999999999998,555500,267756,1874.81309950785,72150.74000981264,145712.88512771486,1.464326684829845,180315,13667
HALE,17.0,178200.0,32.0,7.0,3.0,13390.0,19460.0,2474.521927,432.847383,32379,11.86,201500,127491,129.95990903481456,50018.27614779342,189324.34004595628,0.0,105458,11844
HALL,10.0,63300.0,16.0,3.0,0.0,6960.0,9826.5,1202.390609,205.359791,3088,7.59,67300,69005,43.56975567238362,36376.98800665732,124545.74537039733,0.0,63970,1583
HAMILTON,27.0,207100.0,47.0,8.0,3.0,15930.0,23739.0,3033.3237090000002,581.100661,8477,9.73,225500,114425,47.5097919014176,45356.754919709594,113558.09740740595,1.2640280051160877,109090,4376
HANSFORD,15.0,175000.0,25.0,14.0,3.0,11480.0,15592.5,2098.600536,416.53708300000005,5707,7.98,145900,106079,13.024436877542364,37278.904242245015,142032.24233702157,0.0,96873,2476
HARDEMAN,2.0,13300.0,8.0,0.0,1.0,1250.0,2217.0,294.715843,46.843946,1122,2.53,25500,28684,6.238546713528865,13377.029198163065,44724.597001292575,0.0,25708,555
HARDIN,39.0,434800.0,95.0,18.0,9.0,29510.0,44030.0,5733.809381,1001.63895,48575,23.49,599800,311355,499.61443146206176,110178.03377436378,223639.97761598325,39.68255809577416,253377,20085
HARRIS,420.0,2936400.0,845.0,194.0,123.0,287390.0,374807.5,61560.227249,9750.242573999998,2284333,245.99000000000007,8564600,3909468,274397.6560993544,1102424.291951152,2540552.4024298945,28.06518170641926,2055194,860236
HARRISON,25.0,163800.0,49.0,19.0,4.0,14370.0,21109.5,3005.2051170000004,542.813346,51703,15.55,378100,194181,372.50278101444417,71490.08966743283,171647.5636889726,3.958381113078391,155225,22125
HARTLEY,4.0,55600.0,13.0,1.0,0.0,4100.0,4342.0,691.2541160000001,120.92570899999998,1095,5.630000000000001,109900,81831,5.1968261823299535,27308.238095391473,101261.44315804454,0.0,68688,444
HASKELL,21.0,258100.0,47.0,8.0,2.0,19810.0,27715.5,2865.1224939999997,565.0294150000001,5978,14.27,192100,139342,38.003191185188555,73295.16249997918,212884.31270332725,0.0,141821,3469
HAYS,26.0,313900.0,77.0,15.0,12.0,18660.0,26411.0,4388.774284,730.933634,101124,16.839999999999996,776500,322758,770.142504403808,76950.97105247097,150053.99527637538,16.426894739290468,202835,36633
HEMPHILL,2.0,14300.0,4.0,0.0,0.0,1300.0,1502.0,264.595866,42.001884999999994,3266,2.51,56600,35403,3.547292031964568,12163.164356790423,44708.32336966182,0.0,29040,1506
HENDERSON,36.0,303000.0,47.0,18.0,8.0,22770.0,34855.0,4464.756412000001,834.854026,51169,22.96,625800,295779,729.3877255493578,103647.55515109713,239140.96567840007,11.955466461817688,246086,23693
HIDALGO,116.0,630100.0,142.0,28.0,4.0,79490.0,109067.0,16788.012920999998,2295.3117639999996,568276,82.82000000000001,1015400,487531,16544.545623141217,300869.0020104798,544424.7908029691,15.484519194758278,454901,192276
HILL,39.0,301900.0,80.0,23.0,7.0,25730.0,37995.0,5165.519172000001,904.2878410000001,30915,28.749999999999996,565300,371807,308.21711492968427,137879.8149853288,307963.3361472205,11.576936302497046,317427,14041
HOCKLEY,19.0,126500.0,33.0,10.0,0.0,10410.0,15796.5,2059.590196,388.483959,18122,10.15,230100,119571,106.8227219491112,43182.52429283525,142937.7221125455,0.48139392029901473,98849,7313
HOOD,13.0,106300.0,30.0,3.0,1.0,7680.0,12394.5,1425.023192,270.466185,42884,12.91,413500,229794,384.5082946603352,59200.38954652216,124387.76448895794,4.722314087045373,154212,19796
HOPKINS,52.0,416100.0,112.0,16.0,11.0,32370.0,46961.0,6847.2747420000005,1190.791994,31356,21.150000000000002,413500,268111,210.6843329092317,92324.08054762676,215201.10835964372,17.604194007231804,231070,13727
HOUSTON,14.0,139700.0,46.0,7.0,0.0,9940.0,17186.0,1924.4890140000002,319.810332,24137,14.540000000000001,271900,168757,140.2182221587758,68014.29911294884,155495.19664880022,5.268638268627875,136248,11192
HOWARD,27.0,191100.0,39.0,8.0,8.0,16590.0,23117.0,3499.922958,585.648032,34075,11.0,198800,130044,109.17252748322201,49425.92446786601,129893.43102838953,0.0,104525,13827
HUDSPETH,7.0,42900.0,7.0,1.0,0.0,4470.0,6190.5,611.424397,131.02908799999997,2486,7.9,110300,64608,4.984880203587652,32538.79809823491,88966.57129506319,0.0,68664,1062
HUMBOLDT,268.0,1991300.0,438.0,104.0,27.0,99150.0,230265.5,35077.839546999996,5385.732398000003,126638,86.25000000000001,4684000,1144506,6951.9526482707715,196972.16767416868,1168366.0982910488,577.474929363354,875249,56084
HUNT,36.0,277900.0,78.0,13.0,7.0,22040.0,32821.0,4660.454752,800.09312,65558,20.68,455300,287700,721.8776610749428,93227.4448428485,236397.87133011117,2.4124211339603248,225026,28195
HUTCHINSON,19.0,177200.0,41.0,14.0,4.0,12560.0,18273.0,2443.11888,479.836297,24320,10.129999999999999,172100,140958,318.3416924593891,45205.69027016612,174794.3865003336,2.9877860371582865,109793,11061
IMPERIAL,95.0,632700.0,124.0,30.0,14.0,51360.0,82144.5,14755.83815,1920.2503379999996,140787,43.05,1146900,411557,3353.8985104959393,115996.1547741446,476330.21319368825,6.758664025974981,309671,42756
INYO,74.0,488300.0,125.0,27.0,15.0,28900.0,64748.5,8461.901145,1406.4021619999999,18770,20.69,1389000,320567,85.57988260071899,61122.52107929027,280187.43963553896,103.38595857817226,223027,9422
IRION,7.0,53400.0,9.0,2.0,1.0,3660.0,6525.0,661.938667,135.014183,145,2.46,38800,26250,1.9423457138538436,9822.107067979607,23014.14706498931,0.0,24106,89
JACK,21.0,180700.0,25.0,11.0,2.0,14540.0,18396.5,2817.379717,482.803398,7186,7.53,116100,99083,32.43557719127722,38231.1598775976,102557.35623284086,1.3687793939482715,81164,2918
JASPER,17.0,126700.0,39.0,14.0,2.0,10530.0,17287.0,2317.859606,378.134854,27989,10.2,232500,125340,163.72709567428555,46025.03744740055,98790.67209769879,2.8250911851010336,95895,13645
JEFF DAVIS,7.0,47600.0,7.0,4.0,3.0,3860.0,6104.0,903.283577,149.447807,1941,2.38,76000,31622,1.407007970497909,11218.381590569395,27448.288580945842,0.0,24092,1222
JEFFERSON,64.0,555500.0,156.0,31.0,11.0,51720.0,69149.0,8785.909343000001,1551.333989,249977,41.0,948800,588765,18226.49498655231,202615.31986025616,485517.9493339507,1.0167282876279984,369534,101255
JIM WELLS,7.0,72900.0,12.0,1.0,0.0,6730.0,7530.0,940.846129,178.106222,39618,11.51,172800,117958,151.9916209152445,53982.20191832031,103518.93565179271,1.8264949668355313,98017,15612
JOHNSON,38.0,386300.0,64.0,13.0,13.0,26580.0,35652.0,5518.780497,975.4111569999998,131734,28.820000000000004,746900,445822,3162.361921393626,124829.5418342009,273116.0958323935,37.78740499437687,319993,48178
JONES,22.0,224400.0,50.0,5.0,2.0,17020.0,22838.5,2877.8475180000005,548.190826,13960,15.200000000000001,190400,181150,85.21457842031445,75084.95650216936,208501.2487125446,1.5663593103016908,159732,6286
KARNES,33.0,280300.0,84.0,10.0,6.0,22780.0,31867.0,4458.930254,794.990657,16333,17.720000000000002,293000,248679,105.82356275133375,89948.36038630578,192774.23038664667,7.0258628228532,195152,5910
KAUFMAN,31.0,308600.0,62.0,15.0,12.0,22020.0,27133.0,4649.597615999999,812.5542839999999,64049,17.1,535000,282168,657.408357828466,78955.26319912924,167519.7266195388,2.040163055908046,199662,26617
KENDALL,29.0,276200.0,58.0,12.0,6.0,19770.0,23820.5,4071.641654,732.6320539999999,30901,15.709999999999997,821400,298675,413.99909967272015,75129.46464754741,151683.88944227766,4.789496057648179,196399,12255
KENEDY,5.0,31200.0,4.0,1.0,0.0,3650.0,4692.0,567.719968,98.538128,364,6.220000000000001,135000,55547,2.6525382788037026,26398.3163467872,50037.31634417341,0.0,38673,216
KENT,6.0,62400.0,15.0,0.0,0.0,4370.0,6029.0,746.9714129999999,146.466631,747,4.76,64800,57356,4.196845942663282,21100.32369184937,51726.286350275244,0.0,49453,440
KERN,309.0,2241600.0,491.0,113.0,42.0,157950.0,271758.0,48345.918937999995,6480.139702,658764,133.39000000000001,4099700,1601190,28559.17971607716,362982.7022950391,1673399.4866021706,44.621116635593154,1086044,232488
KERR,26.0,167700.0,49.0,10.0,7.0,14530.0,21722.5,2842.833388,542.112537,43016,12.13,579500,181871,253.87749646159492,55688.593750236876,119981.01429530479,8.46778868699639,122999,20014
KIMBLE,19.0,126800.0,18.0,10.0,6.0,10590.0,17964.5,1983.9936550000002,387.260432,4321,6.3999999999999995,99300,81981,8.844121266663253,30135.417962090054,74631.57839897937,71.54097070764989,65132,2811
KING,3.0,27300.0,5.0,1.0,0.0,1960.0,3009.5,493.767148,69.411149,224,2.83,14300,41477,5.6577083422050745,10833.981648400493,26070.00462814197,0.0,28747,78
KINGS,62.0,355100.0,76.0,18.0,4.0,29590.0,47896.0,9888.017283,1212.287441,128170,25.930000000000003,588200,221741,4224.956965792209,56384.78349237575,292560.4786920831,0.10118798599026872,163040,36138
KINNEY,3.0,23800.0,8.0,0.0,0.0,2210.0,3108.0,300.012462,61.125328999999994,3289,2.56,45500,28242,5.190938435242887,12070.1703280055,25217.207825661157,0.0,22061,1807
KLEBERG,1.0,16300.0,2.0,0.0,0.0,1370.0,1419.0,178.23328899999998,33.71673,1384,2.84,40000,30750,27.95137091578264,13026.300457172903,24008.021598751293,0.0,24217,617
KNOX,21.0,130000.0,22.0,8.0,2.0,14850.0,18656.0,2196.6699519999997,430.037929,4043,10.05,103800,104579,41.70802098509932,53540.518498390724,155112.6796582726,0.0,90458,1978
LA SALLE,16.0,98300.0,17.0,4.0,1.0,10050.0,13638.5,1446.614403,298.878306,5828,8.07,75100,66650,14.336850004214378,37734.167829004014,75415.69865746486,0.0,67351,2333
LAKE,105.0,653400.0,156.0,47.0,30.0,33020.0,92691.5,13966.226795,2069.01643,58228,30.35,1506200,423270,3870.9783492577562,65939.97703261008,345867.98587295617,1184.3371088057838,286394,32298
LAMAR,57.0,451700.0,112.0,30.0,15.0,36400.0,53561.0,7526.356931000001,1312.6802109999999,48418,30.740000000000002,623900,393505,513.1639305693541,141447.4250504788,336913.1231183695,13.703075413952,339921,21097
LAMB,23.0,181500.0,25.0,10.0,2.0,14880.0,22089.5,2321.9201540000004,491.195833,11831,13.260000000000002,140000,114347,89.57981094318788,58786.73968950599,238184.1360345062,0.0,121887,4990
LAMPASAS,14.0,129500.0,27.0,6.0,1.0,9730.0,12975.0,1632.161601,321.087199,18400,7.890000000000001,198200,113494,70.87477940656868,36905.13719505811,82563.46098666149,1.8751905515733038,87350,7845
LASSEN,135.0,844200.0,220.0,51.0,26.0,45300.0,111650.0,18466.317756999997,2697.8426099999997,31131,35.09,1208000,414093,222.47928056269623,77355.92658854055,356036.9799864939,1490.3464770171004,336639,13802
LEE,29.0,174800.0,70.0,17.0,9.0,16510.0,25383.0,3814.5434910000004,623.9715229999999,14379,10.39,290900,134947,98.13488668640663,49114.37073483521,102350.5107204404,1.2079865162198908,107139,6193
LEON,37.0,275000.0,88.0,13.0,6.0,24170.0,36288.0,4774.180437,792.769342,17784,19.84,462200,247385,111.59739696558493,93820.87964565672,197908.37532831257,4.7359392291377,188168,9759
LIBERTY,32.0,246800.0,78.0,10.0,7.0,21250.0,30192.5,4300.155557,745.144015,50810,21.380000000000003,389100,278143,439.7995684711146,101791.89025089808,213026.39399581662,9.666938090423173,219052,20759
LIMESTONE,19.0,124600.0,40.0,10.0,1.0,12350.0,17505.0,2378.006633,415.395967,9956,10.15,170000,114860,56.12211628774667,49964.70129656635,115662.61124701414,8.347960692766359,95057,4605
LIPSCOMB,19.0,236000.0,30.0,14.0,2.0,15740.0,23910.5,2584.696436,519.4268010000001,3080,11.41,179600,150886,24.99706828746298,57318.99525848801,224570.51999186902,0.0,134696,1549
LIVE OAK,12.0,81000.0,23.0,6.0,2.0,8740.0,11011.5,1539.1596490000002,276.29518499999995,9734,7.8100000000000005,140300,105645,31.2516798850305,39914.16945545451,73611.30828884669,0.0,70797,4080
LLANO,31.0,238900.0,79.0,16.0,8.0,17770.0,30071.5,3667.3542650000004,673.928312,16104,16.990000000000002,857100,306648,409.64814137896326,85686.6317559248,177237.48352460886,5.161553621955359,203838,10575
LOS ANGELES,1916.0,11564700.0,3284.0,857.0,370.0,832800.0,1642398.0,318079.9780740002,38683.829120999995,9425127,778.7300000000004,74110702,12813905,2286653.0093597984,1843140.5205385513,9327625.741946418,76.46145334492192,5633572,3239396
LOVING,8.0,42000.0,9.0,4.0,3.0,3880.0,5995.0,968.358471,164.94390299999998,58,2.23,12500,40000,0.3653887060177914,9969.284565684102,23548.2867498719,0.0,24184,53
LUBBOCK,125.0,659800.0,247.0,69.0,20.0,61110.0,112756.5,14931.648100000002,2456.355132,242429,53.629999999999995,1200500,655576,38161.758991795956,220085.35102098004,789577.3980034417,6.372404193009001,475305,100500
LYNN,18.0,134300.0,42.0,7.0,4.0,11370.0,15789.0,2500.074178,425.065211,2800,8.72,116800,95758,56.332337393824595,38687.115154685496,120842.39207978349,0.0,89850,1125
MADERA,70.0,549800.0,154.0,16.0,16.0,32670.0,60116.0,11164.872202999999,1581.5022569999999,122343,30.14,1642100,493206,530.5359400927798,79788.65706122082,326445.33951525396,26.406968660170563,305387,40074
MADISON,14.0,99400.0,12.0,5.0,1.0,8940.0,12539.5,1555.1183700000001,279.983718,12505,7.58,169500,91793,75.97026512342853,36051.62857465431,80603.13641787675,3.557165213275798,73222,4558
MARIN,215.0,1843100.0,406.0,122.0,88.0,84080.0,174513.0,41918.84178999999,5423.246497000001,246559,63.01,14632601,1795220,37955.11430824902,163791.1052831052,1296465.2230149484,64.4530039079419,727740,104695
MARION,6.0,31200.0,4.0,5.0,0.0,3050.0,5272.5,513.058187,101.617933,8650,5.02,65900,42612,35.48013633032807,22614.832468873108,51542.73148281571,0.0,45493,4777
MARIPOSA,35.0,187600.0,55.0,11.0,3.0,11630.0,28909.0,4024.4547420000004,605.207319,14125,15.889999999999999,1171600,232172,73.58523745784683,39500.9702647162,186722.5468093813,50.25515162263295,161402,7117
MARTIN,27.0,193800.0,37.0,10.0,8.0,14640.0,22850.5,3578.283515,598.892752,4646,11.370000000000001,237700,135943,23.188019791840386,45057.396484336874,111118.78339745491,0.0,119776,1897
MASON,27.0,178600.0,55.0,11.0,4.0,14990.0,24331.0,3115.581153,554.5572199999999,3805,7.3100000000000005,131500,73932,8.535364155198007,29971.222791369666,71142.2150956083,0.0,65999,2395
MATAGORDA,37.0,279200.0,76.0,8.0,4.0,22490.0,31862.0,4354.791801,780.8488299999999,28167,16.18,380600,217433,157.65246634524192,71033.266999939,152690.71363031646,8.465559501298298,152547,13586
MAVERICK,17.0,81900.0,18.0,0.0,0.0,10270.0,12451.0,1976.771913,302.47871200000003,47175,10.52,111000,54574,425.8537599165435,37178.35353004717,73626.07551393265,1.395753758433136,59210,14781
MCCULLOCH,33.0,274600.0,55.0,19.0,8.0,20880.0,32991.5,4224.890631,765.35222,8029,11.5,255600,147866,27.123046384361334,54568.20995430331,133741.97394247437,4.619559624896775,124886,4068
MCLENNAN,67.0,519000.0,121.0,24.0,17.0,42740.0,62577.5,9053.087640999998,1545.0521999999996,209139,53.14999999999999,1269300,730277,16604.47581595999,244349.88444457122,592733.2013539822,10.313519152612303,532240,84296
MCMULLEN,6.0,38300.0,12.0,1.0,0.0,3750.0,4962.0,616.991138,119.73250300000001,770,4.76,97900,60639,6.446894746236763,22655.449112352093,43956.621299045175,4.1433500347050405,44183,512
MEDINA,35.0,271000.0,76.0,18.0,3.0,22300.0,28683.0,4328.563470000001,797.468001,36970,25.83,634600,355191,427.0375698560952,116173.18539729748,240588.3735537131,8.652788464048829,285459,13980
MENARD,22.0,162800.0,49.0,19.0,3.0,13560.0,22086.5,2683.760818,491.365339,2392,6.5600000000000005,60000,104107,4.210499696026014,29274.246412203494,70742.43675607274,2.6979141108578513,60728,1691
MENDOCINO,214.0,1491900.0,428.0,82.0,37.0,74590.0,180962.0,30023.910756999994,4369.344451,86157,65.85,4912500,973330,2139.584991249931,148960.84279399485,775319.1383635823,1141.5065159777262,669320,37076
MERCED,107.0,765400.0,160.0,32.0,11.0,46420.0,89929.5,17262.991116,2215.736284,210097,56.8,1796400,573551,9605.952089593971,120011.86168619356,628816.8933645647,22.511673819515085,426438,68218
MIDLAND,34.0,183000.0,53.0,15.0,7.0,18890.0,23965.0,4020.916679,684.213397,114192,13.600000000000001,348300,195703,5983.692163830817,61128.10229146409,163272.99174053245,2.456516586639924,121048,47350
MILAM,31.0,197300.0,72.0,17.0,6.0,17900.0,25970.5,3910.4904779999997,669.9035779999999,13605,10.31,194600,135697,93.74127460489831,47914.80322496026,108334.18442669054,2.0183488268747523,107973,6126
MILLS,19.0,141700.0,42.0,7.0,6.0,12340.0,17212.0,2442.964365,443.7627590000001,4898,7.85,126800,97022,25.597671083681035,35430.642692975394,79513.50556816226,0.0,80919,2543
MITCHELL,8.0,79000.0,14.0,1.0,0.0,6370.0,9039.5,892.941233,185.262895,9715,7.4799999999999995,82900,76543,27.33072888098663,34520.044286692595,99288.28332478876,0.0,68842,4175
MODOC,60.0,480600.0,143.0,24.0,10.0,23390.0,60375.5,9301.904582000001,1337.0478140000002,8110,22.910000000000004,770300,298003,26.7656725155522,55037.926591089075,257007.13716425066,1204.7617269476461,223962,4231
MONO,47.0,334600.0,79.0,19.0,13.0,19250.0,41954.5,7021.331309000001,962.441311,11879,16.91,1206000,305518,74.62140045770317,42504.92420801305,192760.55138494453,69.74755358507929,158503,11236
MONTAGUE,9.0,76200.0,16.0,4.0,0.0,5760.0,7758.0,1222.589697,193.87924199999998,8928,9.729999999999999,173500,125356,50.88535505461376,45559.63896928652,116394.43359259667,0.4839844451468453,106100,4619
MONTEREY,242.0,1958100.0,459.0,110.0,53.0,98710.0,205065.0,45183.979354999996,5593.572906,388409,87.65,8671200,1401170,35820.1312988532,184762.5939292362,1071626.5994815358,49.971976106028784,755464,129027
MONTGOMERY,100.0,1015600.0,247.0,60.0,32.0,77860.0,97081.0,17363.422687000006,2726.4384889999997,241601,53.49000000000001,2333900,1004217,10343.162929712393,260064.61578886054,530615.6663758354,21.68142971658468,576485,93568
MOORE,13.0,112700.0,15.0,8.0,3.0,8220.0,12273.0,1835.269087,308.526992,19933,9.49,144900,95816,460.2093818565447,33793.59322351897,143738.81447585966,0.7620529020146865,78773,7367
MORRIS,26.0,152600.0,54.0,9.0,6.0,16030.0,21649.5,2977.088143,533.512103,14118,12.07,211200,160682,267.2635423606611,61026.7144152631,161879.11127192082,0.0,113969,6622
MOTLEY,6.0,48800.0,6.0,2.0,0.0,3560.0,6019.0,720.604602,124.510584,1035,4.859999999999999,60100,56071,4.075884814054068,19651.56037406109,53965.55273500415,0.0,51372,604
NACOGDOCHES,41.0,290700.0,66.0,21.0,8.0,27640.0,37068.5,5421.271831,926.395555,60260,20.799999999999997,502500,261008,454.41945260291664,98600.10976705056,226988.6735188084,5.8119244948123505,199019,25580
NAPA,51.0,369000.0,96.0,20.0,17.0,21610.0,39681.0,8951.984716,1168.475101,111727,15.65,1706500,326514,1266.9657025931708,42001.4998000769,228306.22666289547,7.194859276077788,159046,44183
NAVARRO,50.0,437900.0,123.0,16.0,9.0,34320.0,47658.5,6576.721577,1197.281664,39808,21.009999999999998,423900,258837,257.9417734713341,99415.19642567832,227674.29176805518,4.284827249895062,224508,16019
NEVADA,73.0,514800.0,168.0,26.0,23.0,30190.0,60372.5,10538.47775,1575.311482,87991,24.1,1928900,460847,1118.2615050388229,63497.22229588304,314414.77263244457,87.10877862124478,257216,44534
NEWTON,29.0,173000.0,75.0,10.0,1.0,16580.0,24549.0,3362.2329129999994,577.134931,11361,12.829999999999998,229800,130676,73.20487235612673,55329.12387039492,121169.0426770963,4.534697189570814,112263,5717
NOLAN,21.0,227200.0,45.0,11.0,1.0,15500.0,25220.0,2645.0797660000003,514.1278540000001,16469,12.090000000000002,163700,135343,49.91082839433167,53589.66846973977,144876.83546049157,0.7563934644133792,119322,7823
NUECES,88.0,424900.0,143.0,29.0,3.0,55140.0,72503.5,8557.675764,1589.678734,219001,51.59,1016100,553674,30303.343862488382,238481.23326045688,497620.2047475922,1.470393871263058,373266,86776
OCHILTREE,17.0,153500.0,35.0,10.0,5.0,11370.0,15861.5,2059.972659,416.026335,8822,7.47,128500,120264,61.368698595742636,37104.10445506662,143208.8435434915,0.0,82731,3672
OLDHAM,19.0,161700.0,45.0,8.0,7.0,10840.0,16816.0,2643.136808,470.788282,1935,7.68,160000,104891,9.787054765179594,35136.604131025684,111429.76759631903,0.0,97111,828
ORANGE,593.0,4578700.0,1263.0,312.0,193.0,302900.0,514953.5,113976.740855,13858.443194,2891980,250.60999999999999,27625101,5498104,496128.0710036411,693574.8591874453,2943589.762868488,15.218944204656225,2216074,991456
PALO PINTO,34.0,243600.0,66.0,12.0,5.0,21660.0,30786.5,4204.112550000001,738.9854330000001,27883,14.780000000000001,309600,198624,169.4183395412743,70009.45577434835,175413.0114032525,0.0,150036,13003
PANOLA,30.0,177000.0,51.0,8.0,6.0,16670.0,22849.5,3382.4379570000006,608.6322819999999,21903,12.51,265600,152223,119.63104536599506,58521.999850815926,137654.3103308293,10.76993426534478,125332,10118
PARKER,51.0,458100.0,98.0,24.0,18.0,33570.0,41418.0,7462.816545000001,1301.3975880000003,76322,16.650000000000002,623100,289482,704.0849060885365,76457.55541105577,161355.75195354334,3.2652006573941392,201864,30133
PARMER,12.0,127900.0,30.0,2.0,1.0,8980.0,12925.5,1715.745605,308.331239,9807,12.07,208200,115261,47.12600735576086,47038.506580663736,174246.09533648886,0.8466550037930598,107853,3641
PECOS,38.0,271100.0,71.0,15.0,9.0,23900.0,34042.0,5213.116478999999,857.07013,16809,16.67,189299,163964,14.509949862183657,70631.61157541291,185056.09981711445,2.2895627795841897,149499,6338
PLACER,227.0,1755600.0,458.0,133.0,64.0,98290.0,191634.5,38008.953857,5208.179458,252026,72.18,6569500,1552304,22679.38707735402,200977.69575843232,1136022.2472533658,225.0793436311336,772467,106507
PLUMAS,56.0,482500.0,101.0,21.0,11.0,22030.0,52065.5,7375.962731,1215.721015,18758,27.07,1367500,379738,985.0796540999062,66876.74888783714,319283.4153473057,1129.7380444779305,286118,10690
POLK,37.0,276700.0,79.0,13.0,5.0,23920.0,37148.5,4462.495349000001,791.0791120000001,40483,17.45,333000,181079,411.78048987917305,75344.07980659298,173336.74925337883,2.336245588805709,146962,20771
POTTER,91.0,568900.0,163.0,28.0,19.0,48650.0,73297.0,12325.440505000002,1947.403284,113445,27.010000000000005,743100,359755,13459.80360234765,110615.73563355327,454381.01826532814,3.370286147957605,252338,43710
PRESIDIO,10.0,55600.0,11.0,1.0,1.0,4860.0,8051.0,689.147295,170.728881,7554,10.65,135300,92763,8.28541257256739,39487.60940452696,105092.33206885916,0.0,89435,3479
RAINS,9.0,64400.0,19.0,5.0,1.0,5320.0,7503.5,1265.411664,201.16852599999999,7377,5.03,112300,64640,82.73720775339149,22305.240830718292,51137.30289136289,4.41479962868208,54222,3659
RANDALL,38.0,257500.0,78.0,16.0,13.0,22210.0,29678.0,5270.709906,887.1485890000001,103657,18.09,798900,333882,10606.852113308465,83910.30260205528,291375.92921583634,0.0,205387,43817
REAGAN,7.0,58200.0,14.0,1.0,1.0,4650.0,6525.0,862.759726,153.487759,3227,2.99,49700,33514,6.168055379710334,12512.018605009489,36737.15893862647,0.0,26248,1352
REAL,13.0,71100.0,10.0,3.0,1.0,6420.0,10260.5,1153.792502,225.13622799999996,3187,6.949999999999999,211800,69061,23.433701893322905,29140.25515232951,68436.60726008046,0.0,58914,2100
RED RIVER,27.0,233000.0,48.0,12.0,1.0,17180.0,26045.0,2958.751182,583.7991370000001,14511,14.52,204700,171289,75.33647084500814,68012.81557193336,173043.6358684162,3.8149033428657924,162327,6985
REEVES,19.0,82200.0,26.0,4.0,1.0,9920.0,16855.5,1793.775203,315.08152099999995,1249,7.550000000000001,53200,47795,27.587194568139704,32432.602676631963,90548.28326665751,0.0,53427,740
REFUGIO,12.0,86100.0,29.0,2.0,0.0,8930.0,11244.5,1176.506453,252.52550200000002,7086,9.82,171200,112064,75.25802030532998,51200.9134907617,103727.55235892092,1.1665890069652094,88715,3328
RIVERSIDE,444.0,3444900.0,859.0,181.0,93.0,246650.0,396394.0,78147.93645999998,9985.824137000001,1545781,205.59000000000003,10468800,3059253,73528.3131235219,594684.0244192542,2759922.2050579432,24.630123654558393,1693847,585028
ROBERTS,1.0,22200.0,4.0,1.0,0.0,930.0,1590.5,153.18821699999998,34.059318,724,2.41,47800,38125,1.7938947670754135,12947.821314887191,48974.98444009016,0.0,32614,368
ROBERTSON,62.0,429900.0,113.0,30.0,10.0,39730.0,54229.5,8584.068328,1378.2951269999999,14953,18.3,376700,239706,128.5269619706435,89024.31228461965,190504.10328162127,60.31704491463136,197557,7259
ROCKWALL,15.0,147900.0,14.0,8.0,6.0,12000.0,13015.0,2397.703474,410.147176,41204,11.51,473700,213225,1053.7319886038206,55341.51034632331,130427.93057463749,0.0,132354,15019
RUNNELS,28.0,229700.0,76.0,11.0,7.0,17910.0,27144.0,3809.525987,665.033446,8246,10.18,173500,122286,38.90627849260562,48364.940924116796,123377.38579085415,4.168875675772429,109356,3785
RUSK,34.0,200600.0,69.0,17.0,6.0,19790.0,27397.5,3989.9256829999995,714.689006,39902,17.599999999999998,371000,242490,315.4426504399817,85859.46917780439,205917.5307058532,5.12296796097621,179007,16585
SABINE,20.0,139700.0,52.0,13.0,2.0,11960.0,20788.5,2455.325181,421.33846200000005,10877,9.399999999999999,200500,107527,72.64427250444082,43033.12237706357,98762.86611293786,0.0,84773,7991
SACRAMENTO,423.0,2683700.0,729.0,231.0,105.0,186410.0,350765.0,67111.81869,8911.429165999998,1225310,134.09,7644800,2285300,151245.21348444524,358132.35017361556,1943790.9665488433,51.33397582661762,1193819,475394
SAN AUGUSTINE,14.0,76500.0,19.0,12.0,2.0,8060.0,12380.0,1694.207682,284.99795000000006,8268,4.71,107200,53223,32.086686808537166,22131.80654931247,51923.86037725761,4.4155295978066365,42681,4731
SAN BENITO,31.0,240900.0,48.0,13.0,13.0,13670.0,26038.0,5265.000459,714.1480280000001,51712,8.899999999999999,1001400,146084,152.69611743241796,21496.816956381266,125356.65714746065,25.06911309933098,93251,15953
SAN BERNARDINO,535.0,3217000.0,951.0,203.0,90.0,262440.0,444680.0,79240.154545,10785.101519,1651641,230.03,9342800,3183288,111438.86930666878,648460.4690920506,3386939.7446235893,41.75193417002618,1787828,578240
SAN DIEGO,802.0,5965300.0,1643.0,433.0,216.0,360490.0,692328.5,141828.74218800003,17993.103367,2753127,253.0999999999999,23348401,4768789,290951.56564272183,645369.2642260344,2982997.229927116,210.2386774011514,2294657,1013841
SAN FRANCISCO,201.0,731400.0,406.0,129.0,37.0,58010.0,176652.5,26567.77717,3379.5288379999997,776733,59.07,14465803,1504817,509973.1974601824,129002.58252642167,915452.8088917285,49.49750872930113,368027,346527
SAN JACINTO,23.0,156500.0,43.0,9.0,3.0,14560.0,20750.5,2673.384642,479.440355,15519,9.95,240000,121149,178.5425231594105,45980.043927262275,94034.06870700399,0.6004411877352892,92140,8305
SAN JOAQUIN,191.0,1521700.0,374.0,66.0,41.0,93510.0,165136.5,30826.071891000003,4318.741019,562825,82.90999999999998,4108900,1171354,41658.65087401572,209853.10101310912,1134906.6653063823,31.69757837580389,753098,188869
SAN LUIS OBISPO,186.0,1585000.0,418.0,81.0,49.0,84670.0,168408.0,31983.535286000006,4335.004140999999,245489,49.97,4461200,857624,10489.245994306411,131073.4177690143,716791.3130431972,16.886785751518364,517254,101633
SAN MATEO,158.0,1615100.0,376.0,91.0,59.0,75990.0,141380.5,39996.808141,4363.0594200000005,634033,69.24,14385002,2135628,101903.88939849842,174728.36373589656,1009638.8532372381,64.00445540114032,734204,236272
SAN PATRICIO,10.0,71700.0,18.0,2.0,0.0,7480.0,8400.0,1269.430242,217.68436399999996,44001,11.809999999999999,235800,134113,1323.3345047689427,54956.25523220552,110368.1502836635,0.0,99421,16668
SAN SABA,20.0,174900.0,52.0,19.0,5.0,11910.0,19847.0,2793.5738119999996,488.917878,6138,9.54,203700,143270,18.075921246163183,43842.93292135905,103500.74357807859,0.0,112442,2908
SANTA BARBARA,190.0,1373200.0,407.0,89.0,41.0,82330.0,158066.0,30949.657459,4125.288714,399242,64.34,7881301,1144562,27054.64168132473,158254.38071286256,830999.8917893847,4.072129016729262,589118,142880
SANTA CLARA,314.0,2876900.0,739.0,201.0,101.0,146030.0,276367.5,68855.96124700001,8125.217767999999,1655773,156.98,27604706,4133473,260340.6675508294,359600.18226791226,2327738.3068364696,39.24405547852963,1498359,567170
SANTA CRUZ,128.0,1132000.0,297.0,67.0,33.0,53920.0,114734.0,23128.007429,3059.123096,274533,45.26,6192500,1037824,28835.251825927066,104945.51884523485,753056.3210760552,62.508301422105184,466965,104216
SCHLEICHER,8.0,64200.0,8.0,5.0,0.0,5280.0,6696.5,999.1897319999999,173.886723,2869,2.6,45100,29512,2.7268524356638015,12448.528834983068,32547.734026799557,0.0,26748,1319
SCURRY,13.0,138000.0,18.0,5.0,0.0,10150.0,13649.5,1694.1048610000003,321.811777,16528,9.93,148700,122258,31.512254685744956,44208.51065025528,112697.27326391102,0.0,99558,7247
SHACKELFORD,8.0,75200.0,20.0,3.0,1.0,6260.0,8520.0,1061.619308,195.23635,2820,4.76,64500,58504,11.722242549129907,25773.395259142177,70283.52083573164,0.0,54833,1405
SHASTA,198.0,1622400.0,345.0,86.0,20.0,79140.0,167780.5,27168.30194,4284.797910999999,169329,65.97999999999998,3252000,926097,3053.393079596476,174455.32752994503,823039.0988001331,1496.7683196063495,731173,71183
SHELBY,29.0,193500.0,34.0,16.0,6.0,18500.0,26405.0,3823.4688619999997,634.576465,25966,12.77,273400,144367,139.26209111615776,58140.6344175516,138578.21144865375,2.987595005679743,116760,12309
SHERMAN,6.0,31900.0,20.0,3.0,1.0,3290.0,4493.0,711.205582,128.102259,2386,2.69,46600,32333,4.1536487091678405,12486.698950008666,48843.49085023352,0.0,28798,961
SIERRA,46.0,319600.0,73.0,24.0,8.0,17630.0,39465.0,6466.585935999999,922.2388039999998,3223,15.760000000000002,891600,276943,57.27681013248538,40840.24488699525,182246.3208026981,313.13761688311547,166981,1929
SISKIYOU,156.0,1190500.0,281.0,57.0,13.0,57930.0,140836.0,20327.99771,3298.929661,45540,52.08,2023600,595096,366.1216639597452,124939.65170249481,554229.2829031752,3995.93825398214,522553,22452
SMITH,31.0,245700.0,52.0,25.0,6.0,19730.0,28559.0,4254.527117,744.6632970000001,138356,23.590000000000003,762400,348839,5264.387826719362,107274.17001102927,265284.83331468597,1.4523430774032131,239495,57322
SOLANO,88.0,688900.0,173.0,49.0,18.0,41760.0,71885.0,15593.629932000003,2041.8614230000003,403407,39.76,2495700,703356,16862.90335949549,104739.87505575354,571455.0164922498,4.788487883566889,385063,137539
SOMERVELL,13.0,112800.0,31.0,9.0,0.0,7950.0,10524.0,1635.8746800000001,311.64907400000004,6686,8.27,346400,127550,118.82263191908196,38042.53687658311,77149.04700114377,0.0,101793,2675
SONOMA,278.0,2146800.0,574.0,128.0,81.0,114370.0,231920.5,46729.583916,6300.5693139999985,458408,89.15999999999998,11074301,1781609,36026.65064350091,227994.71756063768,1405803.766364439,205.5329458279098,913224,183161
STANISLAUS,165.0,1321700.0,313.0,67.0,37.0,77600.0,148759.5,28709.971233999997,3778.935531999999,449518,73.04999999999998,2801700,929373,38603.17609541271,171676.78615012133,1042089.0928635325,55.0251883182874,618069,151941
STARR,20.0,114900.0,16.0,4.0,3.0,14580.0,17383.0,2737.600375,406.540379,51981,16.73,155300,128224,402.5208087959383,68522.75221328904,119133.77903540555,0.44399344758111137,107354,16995
STEPHENS,10.0,82300.0,20.0,5.0,2.0,6450.0,10007.0,1406.5344420000001,229.634471,9289,4.710000000000001,131000,73997,18.187322594505453,21781.320152219432,56422.38389701605,0.0,44223,4666
STONEWALL,10.0,90800.0,23.0,6.0,0.0,6350.0,11418.0,1165.232972,226.57923300000002,1606,4.37,44400,52662,5.706177006917942,19439.56221296979,47070.89081066342,1.7625004419610257,45692,872
SUTTER,56.0,468200.0,116.0,26.0,9.0,24350.0,48185.0,9361.786481000001,1279.309899,78297,26.28,1143400,358035,1320.14939229741,63754.89131966831,346485.8764096814,41.08538142515738,259001,28099
SWISHER,7.0,89200.0,8.0,8.0,1.0,5920.0,8003.0,1040.954529,193.89109100000002,8893,7.91,112100,93562,19.832979910219855,36801.38615599519,133595.02794167158,0.0,84949,3560
TARRANT,199.0,1567300.0,400.0,107.0,60.0,121880.0,180034.0,29315.214935999997,4725.341051000001,993635,118.94999999999997,4501000,2298639,97075.42508563961,522815.54596529884,1336243.4667968478,12.430785200831577,1202234,382637
TAYLOR,38.0,396800.0,80.0,19.0,6.0,28100.0,39127.0,5296.100134,954.9425409999999,89967,26.739999999999995,566200,377214,3211.1158252345326,122245.52045574506,320272.7245292548,1.5798734325909805,278172,37176
TEHAMA,97.0,731500.0,135.0,46.0,4.0,39060.0,81593.5,13554.785272000003,2004.99844,49688,30.33,968500,370585,987.1113697540022,73455.283388039,364311.48028806737,216.8061454883064,276058,21071
TERRELL,8.0,39500.0,13.0,3.0,0.0,4060.0,6717.5,751.895508,140.92537,993,5.140000000000001,73800,51771,3.1048448745673958,19868.234574402362,50164.11476991976,4.148466804536572,37654,854
TERRY,5.0,48800.0,14.0,3.0,1.0,3740.0,5101.0,694.609644,123.952177,1236,5.9,64400,79107,21.73195837672168,27215.024707196488,79320.99765701313,0.0,61284,487
TITUS,10.0,101100.0,33.0,0.0,2.0,6420.0,10409.0,1330.4116860000001,239.419042,26175,5.5,132700,63064,110.04999103544253,22639.807037466875,55078.52205367599,0.0,54560,9851
TOM GREEN,53.0,405700.0,68.0,26.0,4.0,31510.0,45926.0,6505.909732,1118.561945,102852,18.11,415900,248561,1552.815075493208,79575.2970147075,200996.54571469888,2.1740117128076406,188033,43492
TRAVIS,80.0,590100.0,182.0,24.0,27.0,51830.0,77392.5,11660.828902000003,1832.823132,403338,59.57999999999999,3044800,1073337,57549.677320392904,271516.62003105,648828.6453942227,16.479097383405364,559884,169491
TRINITY,109.0,763900.0,158.0,54.0,11.0,41950.0,100715.5,13472.886766,2136.377282,26307,36.88,1461700,418554,210.30949679289574,107150.36601329694,405692.89667958295,576.7698209090127,358622,15773
TULARE,213.0,1232900.0,287.0,65.0,16.0,98800.0,171947.5,32484.632702999996,4132.0323,364583,106.52000000000001,2873700,983655,17734.928637427987,246492.25292449124,1168419.4931005926,83.5126822478187,713097,118305
TUOLUMNE,70.0,488200.0,117.0,31.0,12.0,26290.0,57599.5,10202.848644999998,1431.979042,51186,23.75,1302099,397347,1291.6752792162304,58666.486031045504,265616.62828472053,69.2969917770823,221312,26500
TYLER,34.0,291700.0,77.0,12.0,2.0,23620.0,31842.5,4407.983297,779.024361,20495,20.62,348700,235139,175.66367882442378,95363.92445825187,205976.01062097523,12.239566584054097,200057,10258
UPSHUR,26.0,176200.0,56.0,11.0,4.0,14960.0,20841.5,3064.6574539999997,563.841212,33937,10.43,242300,133902,224.01270313818299,47265.537537955315,108613.56516866779,2.7882929916142567,109915,15054
UPTON,16.0,95000.0,33.0,4.0,2.0,9680.0,13126.0,1897.709468,331.92041500000005,3340,8.5,121500,91543,100.91093795386607,37314.21920775477,97790.49288598112,0.0,79096,1556
UVALDE,15.0,95100.0,42.0,3.0,0.0,9090.0,12114.5,1744.2714300000002,306.944771,22867,8.299999999999999,191300,97598,56.643096242706136,35319.710666874926,74650.31294231651,0.47763620578317945,71455,8619
VAL VERDE,11.0,64300.0,8.0,4.0,1.0,6390.0,8743.0,1154.652298,214.41048099999998,44672,5.609999999999999,101300,50881,55.071420431181394,22344.365698043166,51610.87637069583,0.0,43396,16105
VAN ZANDT,21.0,239600.0,50.0,13.0,3.0,15110.0,23532.0,2792.6217730000003,535.7491940000001,39400,15.72,397000,210258,379.75484211942074,70382.85473049969,161704.46147829507,2.8843240510578494,173629,17151
VENTURA,131.0,1170000.0,309.0,76.0,38.0,72420.0,118003.5,23649.728609000005,3207.8457590000003,758032,69.67000000000002,6076000,1412392,37215.13315812021,197174.2719131393,923304.7267580203,4.306698563954576,654388,253479
VICTORIA,9.0,54600.0,19.0,1.0,0.0,5660.0,7757.0,966.254239,173.087949,66773,8.7,186900,117401,2448.009670992455,39859.01217979016,84231.8866903575,0.2780447029809879,72463,26440
WALKER,18.0,157700.0,19.0,14.0,0.0,13370.0,19855.0,2161.874853,403.59049899999997,61197,12.26,400400,143409,552.9213380593836,55197.420738658846,127417.38944953046,0.9516396842217156,109662,21614
WALLER,4.0,23900.0,1.0,2.0,0.0,2130.0,3169.0,421.001308,72.849106,6894,2.92,73200,34596,55.72871732491681,11388.532848487,24857.0209779658,2.02957776596424,25409,2540
WARD,29.0,148500.0,35.0,18.0,1.0,18010.0,24947.5,3412.08324,563.665432,10748,13.220000000000002,102600,126572,1096.0618017375073,62983.52459480688,188649.8672141869,0.33805314956264826,102751,4758
WASHINGTON,37.0,216900.0,69.0,16.0,11.0,21890.0,31434.0,4521.536237,772.4254699999999,30249,9.93,300300,131866,132.73628205434747,49394.26401339362,101075.6960638864,0.3125764637897718,97212,13194
WEBB,37.0,199300.0,72.0,13.0,5.0,19460.0,31383.5,5288.260007000001,731.160834,190759,18.88,372000,154875,9133.860342735112,56490.86320061299,137994.9912505803,1.454878097453939,120713,54132
WHARTON,26.0,137900.0,44.0,7.0,0.0,15180.0,18877.5,2672.795121,482.978574,33637,11.9,202400,133409,187.95571418726422,52062.76275640227,111720.71305331492,30.895755664115246,99687,13617
WHEELER,19.0,129200.0,41.0,11.0,2.0,11600.0,15802.5,2205.279737,422.18177000000003,5233,9.44,145300,122803,20.21966145079753,48840.12639991755,184193.5467078521,0.9924802788539409,108400,2673
WICHITA,38.0,377600.0,108.0,27.0,5.0,26640.0,45109.0,5095.869678,918.7830749999999,137058,28.520000000000003,680000,382485,6816.734149928945,128845.47685140194,402494.1078934938,2.600215140180171,275516,55523
WILBARGER,14.0,114800.0,12.0,9.0,1.0,10310.0,13176.0,1700.93692,322.858213,14309,7.300000000000001,111000,89671,41.45495662391883,38440.67476835968,123727.67326217098,14.212356670066347,78136,6212
WILLACY,19.0,119700.0,25.0,5.0,0.0,14980.0,17658.0,2760.3391970000002,403.55667800000003,20192,13.040000000000001,156800,105564,599.2712474777766,57652.10653871086,98503.01551926264,0.29486731023095697,85775,6763
WILLIAMSON,54.0,564400.0,136.0,37.0,21.0,42810.0,51443.5,8927.945649,1490.7896830000002,221742,42.940000000000005,1656600,818314,5678.306578632196,214715.60147096458,452844.42617905675,13.613519035974377,495634,79039
WILSON,14.0,125600.0,19.0,3.0,4.0,9920.0,13752.0,1999.325848,337.249835,26245,11.11,255199,138477,264.29770531375095,53373.67261003857,107119.36004780428,1.8615254118096405,125735,9702
WINKLER,11.0,83400.0,23.0,5.0,3.0,8310.0,11082.5,1648.4283,266.780296,7112,5.44,61100,69300,120.02908223409864,27454.162660532973,80904.84978936639,3.1725757044268135,48864,3187
WISE,38.0,344700.0,91.0,19.0,10.0,24670.0,34871.0,5540.536935,957.6425519999999,32603,19.28,605000,291739,721.2231545410326,86193.91940326372,187436.52557043562,1.9214044031943627,220311,13037
WOOD,22.0,165500.0,49.0,6.0,5.0,13410.0,20794.0,2829.949655,499.7476959999999,28226,14.530000000000001,394400,199151,366.41067862538165,67529.77937260573,155476.17678555314,3.4969533242090103,154714,13550
YOAKUM,7.0,47300.0,15.0,2.0,0.0,4230.0,5298.5,813.3289050000001,150.443638,7720,5.92,84000,64254,31.69573055556546,23609.271000261808,71071.16878800857,2.5577490384740957,53221,3094
YOLO,86.0,729100.0,156.0,47.0,19.0,40840.0,75567.5,15685.007927000002,2039.4515390000001,168755,37.58,2247700,568373,5443.151338730241,92361.70714094772,460371.1727168621,53.30206657613904,356259,61576
YOUNG,25.0,173200.0,30.0,10.0,3.0,15280.0,20781.0,2958.5390899999998,527.543869,18516,11.97,212300,141375,56.76691507408409,57838.07089922928,154612.76748638833,25.937962392356678,130096,9272
YUBA,94.0,687500.0,138.0,20.0,6.0,38030.0,75954.5,12315.845246,1862.989227,59625,30.36,1319000,361731,3266.7491101345054,74782.7733043798,383192.635855923,36.485245201840556,298695,22383
ZAPATA,5.0,35900.0,15.0,1.0,0.0,3730.0,5691.0,724.148279,112.065122,12150,3.1,46300,24596,17.458331270364468,12610.302432385308,22713.344568157234,0.9863341043860394,20255,6100
ZAVALA,10.0,55300.0,11.0,0.0,0.0,5340.0,8406.5,1026.7161919999999,172.966006,10023,6.7,45500,34269,36.60764643799979,20740.83359274866,47182.34983298509,6.585108664030303,39447,3464
